date,day,month,year,Invoice No.,type,vendor,size,quantity,destination,LKR per USD,USD per qty,Total Value USD,Total Value LKR
6/10/2020,6,10,2020,0.093507971,C,OOCL,20,1,XIAMEN,187.3,94,94,17606.2
7/10/2020,7,10,2020,0.040327434,C,COSCO,20,1,SINGAPORE,187.2098,60,60,11232.59
7/10/2020,7,10,2020,0.035521008,C,COSCO,20,1,SINGAPORE,187.2098,60,60,11232.59
7/10/2020,7,10,2020,0.719645754,C,OOCL,20,1,XIAMEN,187.3,94,94,17606.2
8/10/2020,8,10,2020,0.393415769,S,ONE,20,1,HONG KONG,186.75,80,80,14940
9/10/2020,9,10,2020,0.104841076,C,OOCL,20,1,HONG KONG,187.32,100,100,18732
9/10/2020,9,10,2020,0.735837601,C,COSCO,20,2,SHANGHAI,187.2098,60,120,22465.18
9/10/2020,9,10,2020,0.503826,C,COSCO,40,1,SHANGHAI,187.2098,120,120,22465.18
20/10/2020,20,10,2020,0.838342002,S,ONE,20,1,MALAGA,186.46,1963,1963,366020.98
20/10/2020,20,10,2020,0.980539473,C,COSCO,20,1,SHANGHAI,186.42,60,60,11185.2
20/10/2020,20,10,2020,0.831955603,C,ONE,40,1,KEELUNG,186.42,600,600,111852
21/10/2020,21,10,2020,0.946756404,C,COSCO,20,1,SINGAPORE,,60,60,11201.99
23/10/2020,23,10,2020,0.879638705,C,OOCL,20,1,HONG KONG,186.46,100,100,18646
25/10/2020,25,10,2020,0.168287843,C,MSC,20,1,NEW YORK,188,2438,2438,466804
27/10/2020,27,10,2020,0.730427596,C,COSCO,20,1,SHANGHAI,,60,60,11189.4
27/10/2020,27,10,2020,0.93362157,C,COSCO,20,1,QINGDAO,,60,60,11189.4
30/10/2020,30,10,2020,0.514300956,S,ONE,20,1,OSAKA,186.66,175,175,32665.5
31/10/2020,31,10,2020,0.646256016,C,COSCO,20,1,SINGAPORE,,60,60,11187.6
2/11/2020,2,11,2020,0.210638826,C,COSCO,20,2,SHANGHAI,,60,120,22373.99
2/11/2020,2,11,2020,0.63735462,C,COSCO,40,1,SHANGHAI,,120,120,22373.99
2/11/2020,2,11,2020,0.710948519,C,COSCO,20,1,SHANGHAI,,60,60,11187
3/11/2020,3,11,2020,0.035187719,C,COSCO,20,1,INCHON,,215,215,40086.74
4/11/2020,4,11,2020,0.460048274,C,COSCO,20,1,SINGAPORE,,60,60,11187
5/11/2020,5,11,2020,0.619540998,S,ONE,20,1,HAMBURG,186.46,650,650,121199
9/11/2020,9,11,2020,0.532275585,S,ONE,20,1,ALGECIRAS,186.61,1500,1500,279915
9/11/2020,9,11,2020,0.070394858,C,ONE,20,1,LAEM CHABANG,186.61,70,70,13062.7
12/11/2020,12,11,2020,0.177297035,C,ONE,20,2,NAGOYA,186.44,100,200,37288
12/11/2020,12,11,2020,0.185109937,C,COSCO,20,1,XIAMEN,,105,105,19657.03
16/11/2020,16,11,2020,0.043222617,C,COSCO,20,1,SINGAPORE,,60,60,11180.99
16/11/2020,16,11,2020,0.329906237,C,COSCO,20,1,SINGAPORE,,60,60,11180.99
16/11/2020,16,11,2020,0.431410074,C,ONE,20,1,NAGOYA,186.65,100,100,18665
20/11/2020,20,11,2020,0.6946643,S,COSCO,20,1,KARACHI,186.83,400,400,74732
20/11/2020,20,11,2020,0.751511253,C,ONE,20,1,PORT KLANG,187.31,30,30,5619.3
20/11/2020,20,11,2020,0.797464308,C,COSCO,20,1,XIAMEN,,105,105,19668.59
23/11/2020,23,11,2020,0.583700634,C,COSCO,20,1,SINGAPORE,,60,60,11226.6
23/11/2020,23,11,2020,0.096163494,C,COSCO,20,1,SINGAPORE,,60,60,11226
24/11/2020,24,11,2020,0.929714674,C,COSCO,20,1,MELBOURNE,187.11,1300,1300,243243
24/11/2020,24,11,2020,0.630698545,C,COSCO,20,5,SHANGHAI,,60,300,56133
24/11/2020,24,11,2020,0.135751873,C,COSCO,40,2,SHANGHAI,,120,240,44906.4
27/11/2020,27,11,2020,0.57274446,C,ONE,20,1,PORT KLANG,187.11,25,25,4677.75
27/11/2020,27,11,2020,0.865659763,C,OOCL,20,1,LONDON GATEWAY,187.11,1200,1200,224532
27/11/2020,27,11,2020,0.871414655,C,ONE,20,2,NAGOYA,187.11,100,100,37422
27/11/2020,27,11,2020,0.066510306,C,ONE,20,1,NAGOYA,187.11,100,100,18711
27/11/2020,27,11,2020,0.958289987,S,ONE,20,1,OSAKA,187.11,180,180,33679.8
29/11/2020,29,11,2020,0.060149093,C,COSCO,20,1,XIAMEN,,105,105,19660.2
30/11/2020,30,11,2020,0.63605541,C,COSCO,40,1,SHANGHAI,,120,120,22468.8
30/11/2020,30,11,2020,0.152784422,C,COSCO,20,1,SHANGHAI,,60,60,11234.4
30/11/2020,30,11,2020,0.1788723,C,ONE,40,1,ROTTERDAM,187.53,1600,1600,300048
2/12/2020,2,12,2020,0.656843159,S,ONE,20,1,HONG KONG,187.76,80,80,15020.8
2/12/2020,2,12,2020,0.015523762,C,COSCO,20,1,SHANGHAI,,60,60,11234.4
2/12/2020,2,12,2020,0.606955897,C,COSCO,20,1,SHANGHAI,,60,60,11234.4
4/12/2020,4,12,2020,0.616573886,S,ONE,20,1,PENANG,187.88,150,150,28182
4/12/2020,4,12,2020,0.118749604,S,OOCL,20,1,TOKYO,187.11,214,214,40041.54
6/12/2020,6,12,2020,0.469274178,C,COSCO,20,1,SINGAPORE,,60,60,11319.6
7/12/2020,7,12,2020,0.138825639,C,COSCO,20,2,SHANGHAI,,60,120,22639.2
8/12/2020,8,12,2020,0.92021198,C,ONE,40,1,KAOHSIUNG,187.88,175,175,32879
8/12/2020,8,12,2020,0.600742013,C,OOCL,20,1,SHANGHAI,187.32,50,50,9366
8/12/2020,8,12,2020,0.148181348,C,OOCL,20,2,SHANGHAI,187.32,50,100,18732
14/12/2020,14,12,2020,0.252709847,C,OOCL,20,1,SHANGHAI,187.32,50,50,9366
17/12/2020,17,12,2020,0.545831868,C,COSCO,20,1,PORT KLANG,,60,60,11338.19
17/12/2020,17,12,2020,0.818650558,C,OOCL,40,2,SHANGHAI,187.3,168,336,62932.8
22/12/2020,22,12,2020,0.701560055,C,COSCO,20,1,SINGAPORE,,60,60,11407.8
22/12/2020,22,12,2020,0.456579824,C,COSCO,20,2,SHANGHAI,,60,120,22815.6
22/12/2020,22,12,2020,0.800825418,C,COSCO,20,1,SHANGHAI,,60,60,11407.8
22/12/2020,22,12,2020,0.682883022,C,COSCO,40,1,INCHON,,500,500,95064.99
22/12/2020,22,12,2020,0.087591391,S,ONE,20,1,VALENCIA,189.83,825,825,156609.75
23/12/2020,23,12,2020,0.57584614,C,ONE,40,1,LOS ANGELES,190.53,3950,3950,752593.5
29/12/2020,29,12,2020,0.284128886,C,COSCO,20,1,SINGAPORE,,60,60,11679.61
29/12/2020,29,12,2020,0.087020363,C,COSCO,20,1,SINGAPORE,,60,60,11679.61
29/12/2020,29,12,2020,0.806388449,C,COSCO,20,1,SINGAPORE,,60,60,11679.61
29/12/2020,29,12,2020,0.375680178,C,COSCO,20,1,SINGAPORE,,60,60,11679.61
29/12/2020,29,12,2020,0.678976575,C,COSCO,20,1,SINGAPORE,,60,60,11679.61
1/1/2021,1,1,2021,0.427872587,S,ONE,20,1,BANGKOK,194.66,75,75,14599.5
1/1/2021,1,1,2021,0.841646475,S,ONE,20,1,BANGKOK,194.66,75,75,14599.5
1/1/2021,1,1,2021,0.131098131,S,OOCL,40,1,TOKYO,190.13,253,253,48102.89
4/1/2021,4,1,2021,0.529317275,S,ONE,20,1,BARCELONA,194.66,600,600,116796
4/1/2021,4,1,2021,0.059072828,C,COSCO,40,1,QINGDAO,,120,120,23052.01
4/1/2021,4,1,2021,0.279593089,C,COSCO,20,1,QINGDAO,,60,60,11526
5/1/2021,5,1,2021,0.608620679,C,COSCO,20,3,SHANGHAI,,60,180,34052.41
5/1/2021,5,1,2021,0.967603406,C,COSCO,40,2,SHANGHAI,,120,240,45403.21
11/1/2021,11,1,2021,0.04625147,C,COSCO,20,1,SINGAPORE,,100,100,19098
11/1/2021,11,1,2021,0.259775661,C,COSCO,20,1,SINGAPORE,,100,100,19098
11/1/2021,11,1,2021,0.749136557,C,COSCO,20,1,SINGAPORE,,100,100,19098
11/1/2021,11,1,2021,0.923028782,C,COSCO,20,1,SINGAPORE,,100,100,19098
12/1/2021,12,1,2021,0.816154354,C,ONE,20,2,SHANGHAI,189.8,100,200,37960
15/01/2021,15,1,2021,0.036584473,C,ONE,20,1,SINGAPORE,193.65,150,150,29047.5
15/01/2021,15,1,2021,0.385978366,C,ONE,20,1,SINGAPORE,193.65,150,150,29047.5
15/01/2021,15,1,2021,0.227519743,C,ONE,20,1,PUSAN,191.9,250,250,47975
15/01/2021,15,1,2021,0.45504886,C,ONE,20,1,NAGOYA,193.65,125,125,24206.25
15/01/2021,15,1,2021,0.112586314,C,ONE,20,2,NAGOYA,193.65,125,250,48412.5
15/01/2021,15,1,2021,0.73294927,C,ONE,20,1,NAGOYA,193.65,125,125,24206.25
15/01/2021,15,1,2021,0.650710898,C,ONE,20,1,NAGOYA,191.9,150,150,28785
15/01/2021,15,1,2021,0.745551177,C,ONE,20,1,NAGOYA,191.9,150,150,28785
18/01/2021,18,1,2021,0.650451649,C,ONE,20,1,SHANGHAI,193.65,125,125,24206.25
18/01/2021,18,1,2021,0.518882765,C,ONE,20,1,SHANGHAI,193.65,125,125,24206.25
18/01/2021,18,1,2021,0.251360842,C,ONE,40,1,SHANGHAI,193.65,275,275,53253.75
18/01/2021,18,1,2021,0.886241058,C,ONE,40,1,SHANGHAI,193.65,275,275,53253.75
18/01/2021,18,1,2021,0.838134596,C,ONE,40,1,SHANGHAI,193.65,275,275,53253.75
18/01/2021,18,1,2021,0.592163592,C,ONE,20,1,SHANGHAI,193.65,125,125,24206.25
21/01/2021,21,1,2021,0.436203081,S,ONE,20,1,VALENCIA,194.07,1125,1125,218328.75
21/01/2021,21,1,2021,0.104593559,S,ONE,20,1,VALENCIA,194.07,1125,1125,218328.75
22/01/2021,22,1,2021,0.404645642,C,ONE,20,1,QINGDAO,196.05,75,75,14703.75
22/01/2021,22,1,2021,0.876619177,C,ONE,20,1,QINGDAO,196.05,75,75,14703.75
22/01/2021,22,1,2021,0.601044595,C,ONE,20,1,QINGDAO,196.05,75,75,14703.75
22/01/2021,22,1,2021,0.872881176,C,ONE,20,1,QINGDAO,196.05,75,75,14703.75
22/01/2021,22,1,2021,0.177058356,C,ONE,20,1,QINGDAO,196.05,75,75,14703.75
22/01/2021,22,1,2021,0.474409504,C,ONE,20,1,QINGDAO,196.05,75,75,14703.75
22/01/2021,22,1,2021,0.598574661,C,ONE,20,1,QINGDAO,196.05,75,75,14703.75
22/01/2021,22,1,2021,0.68746134,C,ONE,20,1,QINGDAO,196.05,75,75,14703.75
22/01/2021,22,1,2021,0.537193449,C,ONE,20,1,QINGDAO,196.05,75,75,14703.75
22/01/2021,22,1,2021,0.558298944,C,ONE,20,1,QINGDAO,196.05,75,75,14703.75
22/01/2021,22,1,2021,0.447858899,C,ONE,20,1,QINGDAO,196.05,75,75,14703.75
22/01/2021,22,1,2021,0.75508249,C,ONE,20,1,QINGDAO,196.05,75,75,14703.75
26/01/2021,26,1,2021,0.298683546,S,ONE,20,1,VALENCIA,197.68,1125,1125,222390
27/01/2021,27,1,2021,0.124441551,C,ONE,20,1,KEELUNG,197.68,400,400,79072
27/01/2021,27,1,2021,0.435702767,C,ONE,20,1,NAGOYA,190.02,100,100,19002
28/01/2021,28,1,2021,0.064541413,C,COSCO,20,3,SHANGHAI,,120,360,71568.02
29/01/2021,29,1,2021,0.34039644,S,CMACGM,40,10,NHAVA SHEVA,198.8,400,4000,795200
29/01/2021,29,1,2021,0.689015115,C,MCLARENS,20,1,INCHON,198.24,400,400,79296
29/01/2021,29,1,2021,0.824690279,C,OOCL,40,1,KEELUNG,197.68,550,550,108724
30/01/2021,30,1,2021,0.144366654,C,KMTC,40,1,QINGDAO,198.5,200,200,39700
1/2/2021,1,2,2021,0.205672558,C,MCLARENS,20,1,HONG KONG,194.44,100,100,19444
1/2/2021,1,2,2021,0.864982228,C,ONE,20,1,LAEM CHABANG,198.8,70,70,13916
1/2/2021,1,2,2021,0.386135583,C,ONE,20,1,NAGOYA,198.8,125,125,24850
1/2/2021,1,2,2021,0.776180533,C,ONE,20,1,NAGOYA,198.8,125,125,24850
1/2/2021,1,2,2021,0.850735354,C,ONE,20,1,SINGAPORE,198.8,150,150,29820
1/2/2021,1,2,2021,0.054809677,C,MCLARENS,20,1,XIAMEN,194.44,350,350,68054
1/2/2021,1,2,2021,0.406210492,C,MCLARENS,20,1,XIAMEN,194.44,350,350,68054
1/2/2021,1,2,2021,0.720424406,C,MCLARENS,20,1,XIAMEN,194.44,350,350,68054
1/2/2021,1,2,2021,0.441234149,S,MCLARENS,20,1,SHIMIZU,194.44,375,375,72915
1/2/2021,1,2,2021,0.929295166,S,ONE,20,1,OSAKA,198.8,225,225,44730
1/2/2021,1,2,2021,0.485960787,S,ONE,20,1,OSAKA,198.8,225,225,44730
5/2/2021,5,2,2021,0.592294978,C,ONE,20,1,QINGDAO,199.19,75,75,14939.25
5/2/2021,5,2,2021,0.320282687,C,ONE,20,1,QINGDAO,199.19,75,75,14939.25
5/2/2021,5,2,2021,0.981436092,C,ONE,20,1,QINGDAO,199.19,75,75,14939.25
5/2/2021,5,2,2021,0.415778349,C,ONE,20,1,QINGDAO,199.19,75,75,14939.25
5/2/2021,5,2,2021,0.118128336,C,ONE,20,1,QINGDAO,199.19,75,75,14939.25
5/2/2021,5,2,2021,0.20073887,C,ONE,20,1,QINGDAO,199.19,75,75,14939.25
5/2/2021,5,2,2021,0.215237105,C,ONE,20,1,QINGDAO,199.19,75,75,14939.25
6/2/2021,6,2,2021,0.983761014,C,MCLARENS,20,1,INCHON,197.62,400,400,79048
8/2/2021,8,2,2021,0.800123676,C,ONE,20,1,SHANGHAI,195.5,125,125,24437.5
8/2/2021,8,2,2021,0.153369895,C,ONE,20,1,SINGAPORE,195.5,150,150,29325
8/2/2021,8,2,2021,0.119587063,C,ONE,20,1,PUSAN,195.5,250,250,48875
8/2/2021,8,2,2021,0.999876935,C,ONE,20,1,NAGOYA,195.5,125,125,24437.5
8/2/2021,8,2,2021,0.382482662,C,ONE,20,1,NAGOYA,195.5,125,125,24437.5
9/2/2021,9,2,2021,0.544298366,S,MSC,20,1,HAMBURG,199.5,1500,1500,299250
11/2/2021,11,2,2021,0.292913904,S,MSC,20,1,BAHRAIN,200,650,650,130000
15/02/2021,15,2,2021,0.899967308,C,COSCO,20,1,QINGDAO,,120,120,23617.21
15/02/2021,15,2,2021,0.856329858,C,COSCO,20,1,QINGDAO,,120,120,23617.21
15/02/2021,15,2,2021,0.480155804,C,COSCO,20,1,QINGDAO,,120,120,23617.21
15/02/2021,15,2,2021,0.089143265,C,COSCO,20,1,QINGDAO,,120,120,23617.21
16/02/2021,16,2,2021,0.552885591,C,MCLARENS,20,1,XIAMEN,197.03,340,340,66990.2
17/02/2021,17,2,2021,0.13100376,S,COSCO,20,1,KARACHI,,400,400,78724
17/02/2021,17,2,2021,0.602211641,C,ONE,20,1,SINGAPORE,198.67,150,150,29800.5
17/02/2021,17,2,2021,0.776254493,C,ONE,40,1,PUSAN,198.67,450,450,89401.5
17/02/2021,17,2,2021,0.054908667,C,ONE,20,1,NAGOYA,198.67,125,125,24833.75
20/02/2021,20,2,2021,0.840738605,C,ONE,20,1,QINGDAO,198.95,75,75,14921.25
20/02/2021,20,2,2021,0.247852984,C,ONE,20,1,QINGDAO,198.95,75,75,14921.25
20/02/2021,20,2,2021,0.306948046,C,ONE,20,1,QINGDAO,198.95,75,75,14921.25
20/02/2021,20,2,2021,0.079504394,C,ONE,20,1,QINGDAO,198.95,75,75,14921.25
20/02/2021,20,2,2021,0.009289338,C,ONE,20,1,QINGDAO,198.95,75,75,14921.25
24/02/2021,24,2,2021,0.568263814,C,OOCL,40,1,KAOHSIUNG,197.03,330,330,65019.9
24/02/2021,24,2,2021,0.467887865,C,OOCL,20,1,KEELUNG,197.03,435,435,85708.05
26/02/2021,26,2,2021,0.408039752,C,ONE,20,1,MELBOURNE,198.95,1833,1833,364675.35
2/3/2021,2,3,2021,0.111543083,C,ONE,20,1,SHANGHAI,196.4,75,75,14730
2/3/2021,2,3,2021,0.055230133,C,ONE,20,2,SHANGHAI,196.4,75,150,29460
2/3/2021,2,3,2021,0.054413253,C,ONE,20,1,SHANGHAI,196.4,75,75,14730
2/3/2021,2,3,2021,0.019230199,C,ONE,40,1,SHANGHAI,196.4,175,175,34370
2/3/2021,2,3,2021,0.293828505,C,ONE,20,1,SHANGHAI,196.4,75,75,14730
2/3/2021,2,3,2021,0.9688529,C,ONE,20,1,SHANGHAI,196.4,75,75,14730
3/3/2021,3,3,2021,0.618613543,C,ONE,20,1,JAKARTA,196.4,200,200,39280
3/3/2021,3,3,2021,0.433101123,C,ONE,20,1,QINGDAO,196.4,75,75,14730
3/3/2021,3,3,2021,0.238101405,C,ONE,20,1,QINGDAO,196.4,75,75,14730
3/3/2021,3,3,2021,0.135362138,C,ONE,20,1,QINGDAO,196.4,75,75,14730
3/3/2021,3,3,2021,0.057755077,C,ONE,20,1,QINGDAO,196.4,75,75,14730
3/3/2021,3,3,2021,0.878872497,C,ONE,20,1,NAGOYA,196.4,125,125,24550
3/3/2021,3,3,2021,0.611821838,C,ONE,20,1,NAGOYA,196.4,125,125,24550
3/3/2021,3,3,2021,0.816547335,C,ONE,20,3,NAGOYA,196.4,125,375,73650
4/3/2021,4,3,2021,0.71275806,C,MCLARENS,20,1,HONG KONG,197.32,100,100,19732
4/3/2021,4,3,2021,0.117560403,C,COSCO,20,4,SHANGHAI,,120,480,94584.08
4/3/2021,4,3,2021,0.184127189,C,COSCO,20,1,SHANGHAI,,120,120,23646.02
4/3/2021,4,3,2021,0.841787866,C,COSCO,40,1,SHANGHAI,,220,220,43351.04
4/3/2021,4,3,2021,0.593512587,C,ONE,20,1,SINGAPORE,196.4,150,150,29460
9/3/2021,9,3,2021,0.698851242,C,ONE,20,1,SINGAPORE,198.58,150,150,29787
9/3/2021,9,3,2021,0.571536496,C,ONE,20,1,SINGAPORE,198.58,150,150,29787
9/3/2021,9,3,2021,0.860547407,C,ONE,20,4,NAGOYA,198.58,150,600,119148
9/3/2021,9,3,2021,0.278746871,C,ONE,20,1,PORT KLANG,198.58,75,75,14893.5
9/3/2021,9,3,2021,0.666916492,C,ONE,20,1,PORT KLANG,198.58,75,75,14893.5
10/3/2021,10,3,2021,0.663726028,S,ONE,20,1,HONG KONG,198.27,125,125,24783.75
10/3/2021,10,3,2021,0.427953044,C,ONE,20,7,SHANGHAI,198.27,125,875,173486.25
14/03/2021,14,3,2021,0.61980221,C,MCLARENS,20,1,HONG KONG,198.66,100,100,19866
15/03/2021,15,3,2021,0.233320982,C,ONE,40,1,QINGDAO,198.66,300,300,59604
15/03/2021,15,3,2021,0.653695451,C,ONE,40,1,QINGDAO,198.66,300,300,59604
15/03/2021,15,3,2021,0.179225657,C,ONE,20,1,NAGOYA,198.66,125,125,24832.5
15/03/2021,15,3,2021,0.720919565,S,ONE,20,1,OSAKA,198.66,350,350,69531
15/03/2021,15,3,2021,0.87291402,S,ONE,40,1,TOKYO,198.66,500,500,99340
16/03/2021,16,3,2021,0.778431074,S,MCLARENS,20,1,OSAKA,198.87,350,350,69604.5
17/03/2021,17,3,2021,0.610160823,C,OOCL,20,1,KEELUNG,198.58,435,435,86382.3
22/03/2021,22,3,2021,0.647409233,S,ONE,20,1,BANGKOK,200.06,100,100,20006
22/03/2021,22,3,2021,0.667565945,C,ONE,20,1,JAKARTA,201.75,200,200,40350
22/03/2021,22,3,2021,0.419596747,C,ONE,40,1,QINGDAO,201.75,200,200,40350
22/03/2021,22,3,2021,0.401275741,C,ONE,40,1,QINGDAO,201.75,200,200,40350
22/03/2021,22,3,2021,0.773964638,C,ONE,40,1,QINGDAO,201.75,200,200,40350
22/03/2021,22,3,2021,0.035763173,C,ONE,20,1,QINGDAO,201.75,75,75,15131.25
22/03/2021,22,3,2021,0.9403309,C,ONE,40,1,QINGDAO,201.75,200,200,40350
22/03/2021,22,3,2021,0.276236306,C,ONE,40,1,QINGDAO,201.75,200,200,40350
22/03/2021,22,3,2021,0.656643116,C,ONE,40,1,QINGDAO,201.75,200,200,40350
22/03/2021,22,3,2021,0.020545585,C,ONE,20,1,QINGDAO,201.75,75,75,15131.25
22/03/2021,22,3,2021,0.119207958,C,ONE,40,1,QINGDAO,201.75,200,200,40350
22/03/2021,22,3,2021,0.566876108,C,ONE,40,1,QINGDAO,201.75,200,200,40350
22/03/2021,22,3,2021,0.981242455,C,ONE,20,1,SINGAPORE,200.06,150,150,30009
22/03/2021,22,3,2021,0.013524471,C,ONE,20,1,NAGOYA,200.06,125,125,25007.5
22/03/2021,22,3,2021,0.559925909,C,ONE,20,2,NAGOYA,200.06,125,250,50015
23/03/2021,23,3,2021,0.26523699,C,ONE,20,4,SHANGHAI,201.5,75,300,60450
23/03/2021,23,3,2021,0.165299492,C,ONE,20,7,SHANGHAI,201.5,75,525,105787.5
23/03/2021,23,3,2021,0.699686006,C,ONE,20,1,SHANGHAI,201.5,75,75,15112.5
23/03/2021,23,3,2021,0.822454375,C,ONE,20,4,XIAMEN,201.5,325,1300,261950
26/03/2021,26,3,2021,0.134095822,C,ONE,20,1,PUSAN,201.19,250,250,50297.5
29/03/2021,29,3,2021,0.484786289,C,ONE,20,1,PUSAN,201.19,2550,250,50297.5
29/03/2021,29,3,2021,0.447213109,S,ONE,20,1,OSAKA,201.19,350,350,70416.5
30/03/2021,30,3,2021,0.809777996,C,ONE,20,3,NAGOYA,201.19,125,375,75446.25
30/03/2021,30,3,2021,0.699042135,C,ONE,20,2,NAGOYA,201.19,125,250,50297.5
30/03/2021,30,3,2021,0.41351761,C,ONE,20,1,NAGOYA,201.19,125,125,25148.75
30/03/2021,30,3,2021,0.75785727,C,ONE,20,1,NAGOYA,201.19,125,125,25148.75
31/03/2021,31,3,2021,0.308095539,C,ONE,20,1,PORT KLANG,201.01,75,75,15075.75
1/4/2021,1,4,2021,0.065400729,C,ONE,20,2,QINGDAO,201.19,75,150,30178.5
1/4/2021,1,4,2021,0.241755304,C,ONE,40,1,QINGDAO,201.19,200,200,40238
2/4/2021,2,4,2021,0.119435378,S,ONE,20,1,SAN ANTONIO,197.68,25,25,4942
4/4/2021,4,4,2021,0.338065642,C,ONE,20,1,LAEM CHABANG,313.28,148,148,46365.44
4/4/2021,4,4,2021,0.105235286,C,ONE,40,1,LAEM CHABANG,313.28,296,296,92730.88
5/4/2021,5,4,2021,0.995077226,C,ONE,20,1,SHANGHAI,202.04,75,75,15153
5/4/2021,5,4,2021,0.772793912,C,ONE,20,1,XIAMEN,202.04,325,325,65663
7/4/2021,7,4,2021,0.747223447,C,ONE,20,1,NAGOYA,202.04,125,125,25255
7/4/2021,7,4,2021,0.736560416,C,ONE,40,1,QINGDAO,202.04,200,200,40408
7/4/2021,7,4,2021,0.444779259,S,ONE,20,1,OSAKA,202.04,350,350,70714
7/4/2021,7,4,2021,0.278595876,S,ONE,20,1,TOKYO,202.04,350,350,70714
22/04/2021,22,4,2021,0.025541983,C,OOCL,20,1,KEELUNG,191.97,435,435,83506.95
27/04/2021,27,4,2021,0.336587933,S,ONE,20,1,BANGKOK,195.21,101,101,19716.21
27/04/2021,27,4,2021,0.999531834,C,OOCL,20,1,INCHON,195.2145,420,420,81990.09
27/04/2021,27,4,2021,0.972525313,C,ONE,20,1,SHANGHAI,195.21,76,76,14835.96
27/04/2021,27,4,2021,0.892966527,C,ONE,40,2,SHANGHAI,195.21,177,354,69104.34
27/04/2021,27,4,2021,0.295977887,C,ONE,20,1,SHANGHAI,195.21,76,76,14835.96
27/04/2021,27,4,2021,0.339563208,C,ONE,20,1,SINGAPORE,199.39,201,201,40077.39
27/04/2021,27,4,2021,0.838162309,S,ONE,20,1,SHIMIZU,195.21,451,451,88039.71
28/04/2021,28,4,2021,0.342209489,C,ONE,20,2,NAGOYA,199.39,126,252,50246.28
28/04/2021,28,4,2021,0.515838742,C,ONE,20,1,NAGOYA,199.39,126,126,25123.14
28/04/2021,28,4,2021,0.984619075,C,ONE,20,1,NAGOYA,199.39,126,126,25123.14
28/04/2021,28,4,2021,0.569650731,C,ONE,20,2,SHANGHAI,199.39,76,152,30307.28
28/04/2021,28,4,2021,0.67181569,C,ONE,20,1,SINGAPORE,199.39,201,201,40077.39
28/04/2021,28,4,2021,0.045150942,C,MSC,40,1,MIAMI,205,5712.4,5712.4,1171042
4/5/2021,4,5,2021,0.531921886,S,ONE,20,1,VALENCIA,199.52,1225,1225,244412
5/5/2021,5,5,2021,0.022543529,C,ONE,20,1,NAGOYA,199.87,126,126,25183.62
12/5/2021,12,5,2021,0.068713809,C,ONE,20,1,SINGAPORE,199.94,301,301,60181.94
12/5/2021,12,5,2021,0.002115934,C,ONE,20,1,SINGAPORE,199.94,301,301,60181.94
12/5/2021,12,5,2021,0.381992964,C,ONE,20,1,SINGAPORE,199.94,301,301,60181.94
12/5/2021,12,5,2021,0.858219581,C,ONE,20,1,NAGOYA,199.94,151,151,30190.94
13/05/2021,13,5,2021,0.840305261,S,ONE,20,1,OSAKA,199.94,351,351,70178.94
13/05/2021,13,5,2021,0.0607771,S,ONE,20,1,OSAKA,199.94,351,351,70178.94
14/05/2021,14,5,2021,0.630542066,S,ONE,20,1,GUAYAQUIL,199.94,2950,2950,589823
17/05/2021,17,5,2021,0.319311672,C,ONE,20,1,SINGAPORE,201.9,201,201,40581.9
17/05/2021,17,5,2021,0.44638477,C,ONE,20,1,SINGAPORE,201.9,201,201,40581.9
24/05/2021,24,5,2021,0.986384104,S,MCLARENS,20,1,OSAKA,202.88,300,300,60864
25/05/2021,25,5,2021,0.780389459,C,OOCL,40,2,NAGOYA,202.28,500,1000,202280
1/6/2021,1,6,2021,0.387556341,C,ONE,20,1,LAEM CHABANG,202.89,70,70,14202.3
1/6/2021,1,6,2021,0.685013867,C,ONE,20,1,SINGAPORE,202.89,301,301,61069.89
1/6/2021,1,6,2021,0.251918051,C,ONE,20,1,SINGAPORE,202.89,301,301,61069.89
1/6/2021,1,6,2021,0.236315315,C,ONE,20,1,NAGOYA,202.89,151,151,30636.39
1/6/2021,1,6,2021,0.96847116,C,ONE,20,3,NAGOYA,202.89,151,453,91909.17
1/6/2021,1,6,2021,0.200251142,S,ONE,20,0.5,VALENCIA,202.89,1375,687.5,139486.88
1/6/2021,1,6,2021,0.920527225,S,ONE,20,0.5,VALENCIA,202.89,1375,687.5,139486.88
5/6/2021,5,6,2021,0.767043217,C,ONE,20,1,QINGDAO,202.89,101,101,20491.89
5/6/2021,5,6,2021,0.871121651,C,ONE,40,1,QINGDAO,202.89,177,177,35911.53
7/6/2021,7,6,2021,0.133893221,C,ONE,20,1,SHANGHAI,202.89,101,101,20491.89
7/6/2021,7,6,2021,0.139146476,C,ONE,20,4,SHANGHAI,202.89,101,404,81967.56
7/6/2021,7,6,2021,0.965386923,C,ONE,20,2,SHANGHAI,202.89,126,252,51128.28
7/6/2021,7,6,2021,0.162955361,C,ONE,40,1,SHANGHAI,202.89,202,202,40983.78
7/6/2021,7,6,2021,0.042532753,C,ONE,20,2,SHANGHAI,202.89,126,252,51128.28
7/6/2021,7,6,2021,0.408519922,C,ONE,20,1,SHANGHAI,202.89,126,126,25564.14
7/6/2021,7,6,2021,0.724171868,C,ONE,20,1,SHANGHAI,202.89,126,126,25564.14
7/6/2021,7,6,2021,0.662970584,C,ONE,20,1,NAGOYA,202.89,151,151,30696.39
7/6/2021,7,6,2021,0.756317418,C,ONE,20,1,NAGOYA,202.89,151,151,30696.39
7/6/2021,7,6,2021,0.888959767,C,ONE,20,1,XIAMEN,202.89,326,326,66142.14
8/6/2021,8,6,2021,0.738809276,C,ONE,20,3,HO CHI MINH,202.89,176,528,107125.92
8/6/2021,8,6,2021,0.743326789,C,ONE,20,2,HO CHI MINH,202.89,176,352,71417.28
8/6/2021,8,6,2021,0.407265578,C,ONE,20,2,HO CHI MINH,202.89,176,352,71417.28
8/6/2021,8,6,2021,0.506424377,C,ONE,20,1,HO CHI MINH,202.89,176,176,35708.64
8/6/2021,8,6,2021,0.924864689,C,ONE,20,1,HO CHI MINH,202.89,176,176,35708.64
8/6/2021,8,6,2021,0.797853694,C,ONE,20,1,HO CHI MINH,202.89,176,176,35708.64
8/6/2021,8,6,2021,0.42198134,C,ONE,20,0.8,HO CHI MINH,202.89,176,140.8,28566.91
8/6/2021,8,6,2021,0.574450168,C,ONE,20,0.2,HO CHI MINH,202.89,176,35.2,7141.73
8/6/2021,8,6,2021,0.760769119,C,ONE,20,1,HO CHI MINH,202.89,176,176,35708.64
8/6/2021,8,6,2021,0.195464695,C,ONE,20,2,HO CHI MINH,202.89,176,352,71417.28
14/06/2021,14,6,2021,0.105050442,S,ONE,20,1,HONG KONG,202.89,176,176,35708.64
14/06/2021,14,6,2021,0.907655932,C,ONE,20,1,JAKARTA,202.89,301,301,61069.89
14/06/2021,14,6,2021,0.7990846,C,MCLARENS,20,1,INCHON,202.89,450,450,91300.5
14/06/2021,14,6,2021,0.683172061,C,ONE,20,1,SINGAPORE,202.89,301,301,61069.89
14/06/2021,14,6,2021,0.833430077,C,ONE,20,1,PUSAN,202.89,351,351,71214.39
14/06/2021,14,6,2021,0.803436775,C,ONE,20,1,SINGAPORE,202.89,301,301,61069.89
14/06/2021,14,6,2021,0.693072289,C,ONE,20,1,MANILA,202.89,326,326,66142.14
14/06/2021,14,6,2021,0.12005264,C,ONE,20,1,SINGAPORE,202.89,301,301,61069.89
14/06/2021,14,6,2021,0.456899283,C,ONE,20,1,PUSAN,202.89,351,351,71214.39
14/06/2021,14,6,2021,0.567010059,C,ONE,20,1,NAGOYA,202.89,151,151,30636.39
14/06/2021,14,6,2021,0.32940945,C,ONE,20,1,NAGOYA,202.89,151,151,30636.39
14/06/2021,14,6,2021,0.141638564,S,ONE,20,1,OSAKA,202.89,351,351,71214.39
14/06/2021,14,6,2021,0.341143654,C,ONE,20,1,LAT KRABANG,202.89,101,101,20491.89
15/06/2021,15,6,2021,0.355525248,C,ONE,20,1,QINGDAO,202.89,101,101,20491.89
15/06/2021,15,6,2021,0.254848103,S,ONE,20,1,TOKYO,202.89,351,351,71214.39
15/06/2021,15,6,2021,0.713406247,C,ONE,20,1,LAT KRABANG,202.89,101,101,20491.89
16/06/2021,16,6,2021,0.374929497,C,ONE,40,3,QINGDAO,,393,1179,
17/06/2021,17,6,2021,0.554513642,C,ONE,20,4,HO CHI MINH,202.89,176,704,142834.56
17/06/2021,17,6,2021,0.735416389,C,ONE,20,2,HO CHI MINH,202.89,176,352,71417.28
18/06/2021,18,6,2021,0.506853666,C,MCLARENS,20,1,INCHON,202.89,500,500,101445
18/06/2021,18,6,2021,0.72174136,C,ONE,20,1,YOKOHAMA,202.89,401,401,81358.89
28/06/2021,28,6,2021,0.493966724,C,ONE,20,4,SHANGHAI,202.89,101,404,81967.56
28/06/2021,28,6,2021,0.795406182,C,ONE,20,2,SHANGHAI,202.89,101,202,40983.78
28/06/2021,28,6,2021,0.550502721,C,ONE,40,1,SHANGHAI,202.89,202,202,40983.78
28/06/2021,28,6,2021,0.304799542,C,ONE,40,1,SHANGHAI,202.89,202,202,40983.78
28/06/2021,28,6,2021,0.347442871,C,ONE,20,1,SHANGHAI,202.89,101,101,20491.89
28/06/2021,28,6,2021,0.315228474,C,ONE,20,1,SHANGHAI,202.89,101,101,20491.89
28/06/2021,28,6,2021,0.328482586,C,ONE,20,4,SHANGHAI,202.89,101,404,81967.56
28/06/2021,28,6,2021,0.897796481,S,MCLARENS,20,1,OSAKA,202.9,350,350,71015
29/06/2021,29,6,2021,0.605968055,S,ONE,20,1,BANGKOK,202.89,126,126,25564.14
29/06/2021,29,6,2021,0.722316363,C,ONE,20,1,SINGAPORE,202.89,301,301,61069.89
29/06/2021,29,6,2021,0.357199596,C,ONE,20,1,SINGAPORE,202.89,301,301,61069.89
29/06/2021,29,6,2021,0.771456743,C,ONE,20,6,NAGOYA,202.89,151,906,183818.34
29/06/2021,29,6,2021,0.005577109,C,ONE,20,4,NAGOYA,202.89,151,604,122545.56
1/7/2021,1,7,2021,0.47945122,C,OOCL,40,1,INCHON,202.89,750,750,152167.5
5/7/2021,5,7,2021,0.723246045,C,ONE,20,1,SINGAPORE,202.9,301,301,61072.9
5/7/2021,5,7,2021,0.200858392,C,ONE,20,1,SINGAPORE,202.9,301,301,61072.9
5/7/2021,5,7,2021,0.910788139,C,ONE,20,1,SINGAPORE,202.9,301,301,61072.9
5/7/2021,5,7,2021,0.157222593,C,ONE,20,1,QINGDAO,202.9,126,126,25595.4
5/7/2021,5,7,2021,0.045205806,S,ONE,20,1,VALENCIA,202.9,1825,1825,370292.5
6/7/2021,6,7,2021,0.674970468,C,ONE,20,2,NAGOYA,202.9,159,318,64522.2
6/7/2021,6,7,2021,0.157702971,C,ONE,20,4,NAGOYA,202.9,159,636,129044.4
6/7/2021,6,7,2021,0.446744963,C,ONE,20,1,PORT KLANG,202.9,159,159,32261.1
9/7/2021,9,7,2021,0.777718943,C,ONE,20,1,QINGDAO,202.9,126,126,25565.4
12/7/2021,12,7,2021,0.892493236,C,ONE,20,1,NAGOYA,202.9,151,151,30637.9
19/07/2021,19,7,2021,0.803106149,C,ONE,20,2,HO CHI MINH,202.9,176,352,71420.8
19/07/2021,19,7,2021,0.899082379,C,ONE,20,2,HO CHI MINH,202.9,176,352,71420.8
19/07/2021,19,7,2021,0.002259784,C,ONE,20,2,HO CHI MINH,202.9,176,352,71420.8
19/07/2021,19,7,2021,0.534313284,C,ONE,20,1,HO CHI MINH,202.9,176,176,35710.4
19/07/2021,19,7,2021,0.490195604,C,ONE,20,1,HO CHI MINH,202.9,176,176,35710.4
19/07/2021,19,7,2021,0.653250688,C,ONE,20,1,PUSAN,202.9,359,359,72841.1
19/07/2021,19,7,2021,0.963066186,C,ONE,20,2,NAGOYA,202.9,159,318,64522.2
19/07/2021,19,7,2021,0.087898304,S,MCLARENS,40,1,TOKYO,202.9,575,575,116667.5
19/07/2021,19,7,2021,0.593476731,S,ONE,20,1,OSAKA,202.9,359,359,72841.1
22/07/2021,22,7,2021,0.440459879,C,ONE,20,2,HO CHI MINH,202.9,184,368,74667.2
22/07/2021,22,7,2021,0.869127997,S,ONE,20,1,TOKYO,202.9,359,359,72841.1
22/07/2021,22,7,2021,0.397312089,S,ONE,20,0.6,SHIMIZU,202.9,459,275.4,55878.66
22/07/2021,22,7,2021,0.834042739,S,ONE,20,0.2,SHIMIZU,202.9,459,91.8,18626.22
22/07/2021,22,7,2021,0.913810635,S,ONE,20,0.2,SHIMIZU,202.9,459,91.8,18626.22
26/07/2021,26,7,2021,0.667380376,C,ONE,20,1,SINGAPORE,202.9,309,309,62696.1
26/07/2021,26,7,2021,0.817759086,C,ONE,20,2,NAGOYA,202.9,159,318,64522.2
26/07/2021,26,7,2021,0.202922414,C,ONE,20,1,NAGOYA,202.9,159,159,32261.1
27/07/2021,27,7,2021,0.284783637,S,ONE,20,1,HAMBURG,202.9,2050,2050,415945
29/07/2021,29,7,2021,0.832946365,C,ONE,20,1,HO CHI MINH,202.9,184,184,37333.6
29/07/2021,29,7,2021,0.290188486,C,ONE,20,0.9,HO CHI MINH,202.9,184,165.6,33600.24
29/07/2021,29,7,2021,0.73846691,C,ONE,20,0.1,HO CHI MINH,202.9,184,18.4,3733.36
29/07/2021,29,7,2021,0.042321741,C,ONE,20,3,HO CHI MINH,202.9,184,552,112000.8
29/07/2021,29,7,2021,0.35212085,C,ONE,20,1,HO CHI MINH,202.9,184,184,37333.6
29/07/2021,29,7,2021,0.50513259,C,ONE,20,1,PORT KLANG,202.9,159,159,32261.1
31/07/2021,31,7,2021,0.127863112,C,ONE,20,1,SHANGHAI,202.9,134,134,27188.6
31/07/2021,31,7,2021,0.272014927,C,ONE,20,2,SHANGHAI,202.9,134,268,54377.2
2/8/2021,2,8,2021,0.56978852,C,MCLARENS,40,1,INCHON,202.9,725,725,147102.5
2/8/2021,2,8,2021,0.923581491,C,ONE,20,3,NAGOYA,202.9,159,477,96783.3
2/8/2021,2,8,2021,0.538052822,C,ONE,20,1,NAGOYA,202.9,159,159,32261.1
2/8/2021,2,8,2021,0.470762034,C,ONE,20,8,SHANGHAI,202.9,134,1072,217508.8
2/8/2021,2,8,2021,0.549252025,C,ONE,20,1,SINGAPORE,202.9,309,309,62696.1
2/8/2021,2,8,2021,0.296403197,C,ONE,20,1,SINGAPORE,202.9,309,309,62696.1
2/8/2021,2,8,2021,0.498907781,C,ONE,20,1,SINGAPORE,202.9,309,309,62696.1
3/8/2021,3,8,2021,0.411171883,C,ONE,20,1,SHANGHAI,202.9,134,134,27188.6
3/8/2021,3,8,2021,0.320182577,C,ONE,20,1,SHANGHAI,202.9,134,134,27188.6
3/8/2021,3,8,2021,0.240037244,C,ONE,20,1,SHANGHAI,202.9,134,134,27188.6
3/8/2021,3,8,2021,0.708881442,S,ONE,20,1,OSAKA,202.9,359,359,72841.1
6/8/2021,6,8,2021,0.470787458,C,ONE,40,1,NAGOYA,202.9,30,30,6087
6/8/2021,6,8,2021,0.363418878,C,ONE,40,1,QINGDAO,202.9,243,243,49304.7
9/8/2021,9,8,2021,0.643681238,C,MCLARENS,40,1,MANILA,202.9,575,575,116667.5
9/8/2021,9,8,2021,0.081572801,C,ONE,20,4,SHANGHAI,202.9,134,536,112560
9/8/2021,9,8,2021,0.380620332,C,ONE,20,1,SHANGHAI,202.9,134,134,28140
9/8/2021,9,8,2021,0.328970318,C,ONE,20,1,SHANGHAI,202.9,134,134,28140
11/8/2021,11,8,2021,0.116693805,C,ONE,40,1,NAGOYA,202.9,30,30,6087
11/8/2021,11,8,2021,0.812956455,C,ONE,40,1,ROTTERDAM,202.9,3274,3274,664294.6
16/08/2021,16,8,2021,0.852024796,S,ONE,20,1,HAMBURG,212.84,2345,2345,499109.8
19/08/2021,19,8,2021,0.720055112,C,ONE,20,1,HO CHI MINH,213.91,184,184,39359.44
19/08/2021,19,8,2021,0.223943634,C,ONE,20,1,HO CHI MINH,213.91,184,184,39359.44
19/08/2021,19,8,2021,0.556343715,C,ONE,20,2,HO CHI MINH,213.91,184,368,78718.88
19/08/2021,19,8,2021,0.362954892,C,ONE,20,2,HO CHI MINH,213.91,184,368,78718.88
19/08/2021,19,8,2021,0.021499702,C,ONE,20,3,HO CHI MINH,213.91,184,552,118078.32
19/08/2021,19,8,2021,0.579396191,C,ONE,20,1,HO CHI MINH,213.91,184,184,39359.44
19/08/2021,19,8,2021,0.089324053,S,ONE,20,6,OSAKA,213.91,159,954,204070.14
23/08/2021,23,8,2021,0.056737757,C,ONE,20,0.5,HO CHI MINH,213.91,184,92,19679.73
23/08/2021,23,8,2021,0.459081193,C,ONE,20,0.5,HO CHI MINH,213.91,184,92,19679.73
23/08/2021,23,8,2021,0.233570783,C,ONE,20,2,HO CHI MINH,213.91,184,368,78718.88
23/08/2021,23,8,2021,0.249892315,C,ONE,20,1,NAGOYA,214.82,159,159,34156.38
23/08/2021,23,8,2021,0.975354228,C,ONE,40,1,PUSAN,214.82,618,618,132758.76
24/08/2021,24,8,2021,0.681293233,S,ONE,40,1,VALPARAISO,213.91,30,30,6417.3
30/08/2021,30,8,2021,0.603170725,C,MCLARENS,40,1,INCHON,202.9,725,725,147102.55
31/08/2021,31,8,2021,0.966801723,C,ONE,20,4,HO CHI MINH,223.23,324,1296,289306.08
31/08/2021,31,8,2021,0.957805656,C,ONE,20,2,HO CHI MINH,223.23,324,648,144653.04
31/08/2021,31,8,2021,0.727410791,C,ONE,20,4,HO CHI MINH,223.23,324,1296,289306.08
31/08/2021,31,8,2021,0.217720345,C,ONE,20,2,HO CHI MINH,223.23,324,648,144653.04
31/08/2021,31,8,2021,0.540501994,C,ONE,20,1,HO CHI MINH,223.23,324,324,72326.52
31/08/2021,31,8,2021,0.808405892,S,ONE,20,1,TOKYO,223.23,359,359,80139.57
2/9/2021,2,9,2021,0.159969986,C,ONE,20,2,QINGDAO,223.84,134,268,59989.12
6/9/2021,6,9,2021,0.350156642,C,ONE,20,1,NAGOYA,230.46,159,159,36643.14
6/9/2021,6,9,2021,0.468312444,C,ONE,20,4,NAGOYA,230.46,159,636,146572.56
6/9/2021,6,9,2021,0.63896176,C,ONE,20,1,SINGAPORE,230.46,309,309,71212.14
6/9/2021,6,9,2021,0.404310577,C,ONE,20,1,SINGAPORE,230.46,309,309,71212.14
6/9/2021,6,9,2021,0.627855509,C,ONE,20,1,SINGAPORE,230.46,309,309,71212.14
6/9/2021,6,9,2021,0.439522687,C,ONE,20,1,SINGAPORE,230.46,309,309,71212.14
6/9/2021,6,9,2021,0.183398037,C,ONE,20,1,SINGAPORE,230.46,309,309,71212.14
6/9/2021,6,9,2021,0.11424147,C,ONE,20,1,SINGAPORE,230.46,309,309,71212.14
6/9/2021,6,9,2021,0.382269067,C,ONE,20,1,SINGAPORE,230.46,309,309,71212.14
6/9/2021,6,9,2021,0.960923862,S,ONE,20,1,VALENCIA,230.46,2668,2668,614867.28
6/9/2021,6,9,2021,0.002857553,C,ONE,20,1,PORT KLANG,230.46,159,159,36643.14
7/9/2021,7,9,2021,0.362989013,C,ONE,20,1,SHANGHAI,230.46,134,134,30881.64
7/9/2021,7,9,2021,0.69036773,C,ONE,20,2,SHANGHAI,230.46,134,268,61763.28
7/9/2021,7,9,2021,0.545505351,C,ONE,40,1,SHANGHAI,230.46,218,218,50248.28
7/9/2021,7,9,2021,0.113829956,C,ONE,20,6,SHANGHAI,230.46,134,804,185289.84
20/09/2021,20,9,2021,0.40003277,C,DELMEGE,20,2,SHANGHAI,203,175,350,71050
21/09/2021,21,9,2021,0.336881312,C,MCLARENS,40,1,INCHON,203,640,640,129920
21/09/2021,21,9,2021,0.644890785,C,ONE,20,4,SHANGHAI,203,134,536,108808
21/09/2021,21,9,2021,0.085213569,C,ONE,20,4,SHANGHAI,203,134,536,108808
21/09/2021,21,9,2021,0.12316093,S,MCLARENS,20,1,OSAKA,203,450,450,91350
21/09/2021,21,9,2021,0.758783634,S,ONE,20,1,VALENCIA,203,6676,6676,1355228
21/09/2021,21,9,2021,0.950962493,S,ONE,20,1,VALENCIA,203,5576,5576,1131928
22/09/2021,22,9,2021,0.787770476,C,ONE,20,2,HO CHI MINH,203,184,368,74704
22/09/2021,22,9,2021,0.04015198,C,ONE,20,1,HO CHI MINH,203,184,184,37352
22/09/2021,22,9,2021,0.039483167,C,ONE,20,2,HO CHI MINH,203,184,368,74704
22/09/2021,22,9,2021,0.639431413,C,ONE,20,2,HO CHI MINH,203,184,368,74704
22/09/2021,22,9,2021,0.01086681,C,ONE,20,2,HO CHI MINH,203,184,368,74704
22/09/2021,22,9,2021,0.096201118,C,ONE,20,2,HO CHI MINH,203,184,368,74704
22/09/2021,22,9,2021,0.337913376,C,ONE,20,2,HO CHI MINH,203,184,368,74704
22/09/2021,22,9,2021,0.332567762,C,ONE,20,2,NAGOYA,203,159,318,64554
22/09/2021,22,9,2021,0.851647379,C,ONE,20,4,NAGOYA,203,159,636,129108
22/09/2021,22,9,2021,0.436775251,C,ONE,20,1,QINGDAO,203,134,134,27202
22/09/2021,22,9,2021,0.841443059,C,ONE,40,1,QINGDAO,203,218,218,44254
22/09/2021,22,9,2021,0.466100272,C,ONE,20,1,PUSAN,203,359,359,72877
22/09/2021,22,9,2021,0.871795952,C,ONE,20,1,SINGAPORE,203,309,309,62727
22/09/2021,22,9,2021,0.299015935,C,ONE,20,1,SINGAPORE,203,309,309,62727
22/09/2021,22,9,2021,0.64705596,C,ONE,20,1,SINGAPORE,203,309,309,62727
22/09/2021,22,9,2021,0.321739848,C,ONE,20,1,MANILA,203,334,334,67802
22/09/2021,22,9,2021,0.386363563,C,ONE,20,1,XIAMEN,203,334,334,67802
4/10/2021,4,10,2021,0.614801245,C,ONE,20,1,SINGAPORE,203,309,309,62727
12/10/2021,12,10,2021,0.90186619,C,ONE,20,1,QINGDAO,203,139,139,28217
12/10/2021,12,10,2021,0.824470052,C,ONE,40,2,QINGDAO,203,228,456,92568
18/10/2021,18,10,2021,0.032759362,C,ONE,20,3,HO CHI MINH,203,189,567,115101
18/10/2021,18,10,2021,0.595021768,C,ONE,20,1,HO CHI MINH,203,189,189,38367
18/10/2021,18,10,2021,0.607886103,C,ONE,20,2,HO CHI MINH,203,189,378,76734
18/10/2021,18,10,2021,0.10511522,C,ONE,20,3,HO CHI MINH,203,189,567,115101
18/10/2021,18,10,2021,0.263072095,C,ONE,20,4,NAGOYA,203,164,656,133168
18/10/2021,18,10,2021,0.147474794,C,ONE,20,4,NAGOYA,203,164,656,133168
18/10/2021,18,10,2021,0.887245016,C,ONE,40,1,PUSAN,203,628,628,127484
18/10/2021,18,10,2021,0.130201917,C,ONE,20,1,MANILA,203,339,339,68817
18/10/2021,18,10,2021,0.749065026,C,ONE,40,1,MANILA,203,528,528,107184
18/10/2021,18,10,2021,0.792156404,C,ONE,20,1,XIAMEN,203,339,339,68817
18/10/2021,18,10,2021,0.925680168,S,ONE,20,1,VALENCIA,203,5080,5080,1031240
21/10/2021,21,10,2021,0.044967655,C,ONE,20,3,NAGOYA,203,164,492,99876
21/10/2021,21,10,2021,0.925273965,C,ONE,20,2,NAGOYA,203,164,328,66584
21/10/2021,21,10,2021,0.385673324,C,ONE,20,1,SINGAPORE,203,314,314,63742
21/10/2021,21,10,2021,0.336581985,C,ONE,20,1,SINGAPORE,203,314,314,63742
21/10/2021,21,10,2021,0.430558592,C,ONE,20,1,SINGAPORE,203,314,314,63742
21/10/2021,21,10,2021,0.764043131,C,ONE,20,1,SINGAPORE,203,314,314,63742
21/10/2021,21,10,2021,0.108768465,C,ONE,20,1,SINGAPORE,203,314,314,63742
21/10/2021,21,10,2021,0.51070776,C,ONE,20,1,SINGAPORE,203,314,314,63742
21/10/2021,21,10,2021,0.860316645,S,MCLARENS,20,1,TOKYO,203,400,400,81200
25/10/2021,25,10,2021,0.54611414,C,ONE,20,2,HO CHI MINH,203,184,368,74704
25/10/2021,25,10,2021,0.782795737,C,ONE,20,1,HO CHI MINH,203,184,184,37352
25/10/2021,25,10,2021,0.078058979,S,ONE,20,1,VALENCIA,203,5080,5080,1031240
25/10/2021,25,10,2021,0.667854472,S,ONE,20,1,OSAKA,203,414,414,84042
25/10/2021,25,10,2021,0.527285969,C,ONE,20,2,LAT KRABANG,203,200,400,81200
27/10/2021,27,10,2021,0.605689141,C,ONE,40,1,KEELUNG,186.42,645,645,120240
29/10/2021,29,10,2021,0.525844178,C,ONE,20,2,HO CHI MINH,203,189,378,76734
29/10/2021,29,10,2021,0.36007906,C,ONE,20,0.5,HO CHI MINH,203,189,94.5,19183.5
29/10/2021,29,10,2021,0.972303066,C,ONE,20,0.5,HO CHI MINH,203,189,94.5,19183.5
29/10/2021,29,10,2021,0.207830714,C,ONE,20,2,NAGOYA,203,164,328,66584
29/10/2021,29,10,2021,0.044729468,C,ONE,20,1,NAGOYA,203,164,164,33292
29/10/2021,29,10,2021,0.304724895,C,ONE,20,1,PUSAN,203,364,364,73892
29/10/2021,29,10,2021,0.266510014,C,ONE,20,1,MANILA,203,339,339,68817
29/10/2021,29,10,2021,0.638108859,C,ONE,20,2,XIAMEN,203,339,678,137634
5/11/2021,5,11,2021,0.570011339,C,ONE,20,2,NAGOYA,203,164,328,66584
5/11/2021,5,11,2021,0.399370909,C,ONE,20,4,NAGOYA,203,164,656,133168
5/11/2021,5,11,2021,0.952642438,S,ONE,20,0.08,SHIMIZU,203,514,41.12,8347.36
5/11/2021,5,11,2021,0.196500209,S,ONE,20,0.92,SHIMIZU,203,514,472.88,95994.64
5/11/2021,5,11,2021,0.395881758,C,ONE,20,1,JAKARTA,203,314,314,63742
11/11/2021,11,11,2021,0.074059798,S,ONE,20,1,OSAKA,203,414,414,84042
22/11/2021,22,11,2021,0.535973522,S,ONE,20,1,VALENCIA,203,5083,5083,1031849
23/11/2021,23,11,2021,0.63033281,C,ONE,20,2,HO CHI MINH,203,189,378,76734
23/11/2021,23,11,2021,0.78250108,C,ONE,20,3,HO CHI MINH,203,189,567,115101
23/11/2021,23,11,2021,0.988378793,C,ONE,20,1,HO CHI MINH,203,189,189,38367
23/11/2021,23,11,2021,0.783290724,C,ONE,20,2,HO CHI MINH,203,189,378,76734
23/11/2021,23,11,2021,0.28343406,C,ONE,20,2,NAGOYA,203,164,328,66584
23/11/2021,23,11,2021,0.357418242,C,ONE,20,4,NAGOYA,203,164,656,133168
24/11/2021,24,11,2021,0.647953125,S,ONE,20,1,OSAKA,203,414,414,84042
29/11/2021,29,11,2021,0.875086878,S,ONE,20,1,VALENCIA,203,5083,5083,1031849
4/12/2021,4,12,2021,0.248824329,C,DELMEGE,20,5,QINGDAO,203,250,1250,253750
13/12/2021,13,12,2021,0.836477591,S,MCLARENS,20,1,OSAKA,203,500,500,101500
14/12/2021,14,12,2021,0.540944243,C,ONE,20,3,SHANGHAI,203,139,417,84651
14/12/2021,14,12,2021,0.663905461,C,ONE,20,1,SHANGHAI,203,139,139,28217
14/12/2021,14,12,2021,0.11915415,C,ONE,40,1,SHANGHAI,203,228,228,46284
14/12/2021,14,12,2021,0.05390691,C,ONE,40,1,SHANGHAI,203,228,228,46284
14/12/2021,14,12,2021,0.606749847,C,ONE,20,1,SINGAPORE,203,314,314,63742
14/12/2021,14,12,2021,0.920702141,C,ONE,20,1,SINGAPORE,203,314,314,63742
14/12/2021,14,12,2021,0.345809562,C,ONE,20,1,SINGAPORE,203,314,314,63742
14/12/2021,14,12,2021,0.739618934,S,ONE,20,1,OSAKA,203,414,414,84042
15/12/2021,15,12,2021,0.267162783,C,ONE,20,4,NAGOYA,203,164,656,133168
15/12/2021,15,12,2021,0.318110431,C,ONE,20,1,NAGOYA,203,164,164,33292
15/12/2021,15,12,2021,0.099067497,C,ONE,20,2,NAGOYA,203,164,328,66584
21/12/2021,21,12,2021,0.458439181,C,ONE,20,2,HO CHI MINH,203,189,378,76734
21/12/2021,21,12,2021,0.276808868,C,ONE,20,2,HO CHI MINH,203,189,378,76734
21/12/2021,21,12,2021,0.878154899,C,ONE,20,1,MANILA,203,339,339,68817
21/12/2021,21,12,2021,0.594281365,S,ONE,20,1,VALENCIA,203,5091,5091,1033473
22/12/2021,22,12,2021,0.482053584,C,ONE,20,1,MANILA,203,339,339,68817
22/12/2021,22,12,2021,0.634534713,C,ONE,20,2,NAGOYA,203,164,328,66584
22/12/2021,22,12,2021,0.545315348,C,ONE,20,3,NAGOYA,203,164,492,99876
22/12/2021,22,12,2021,0.067244339,S,ONE,20,1,TOKYO,203,414,414,84042
24/12/2021,24,12,2021,0.001350282,C,ONE,20,3,HO CHI MINH,203,189,567,115101
26/12/2021,26,12,2021,0.268366386,C,COSCO,20,1,SHANGHAI,,250,250,50749.98
2/1/2022,2,1,2022,0.452536729,C,DELMEGE,20,1,SHANGHAI,203,175,175,35525
3/1/2022,3,1,2022,0.052006183,S,ONE,20,1,HONG KONG,203,189,189,38367
4/1/2022,4,1,2022,0.901853126,S,ONE,20,1,ALGECIRAS,203,6191,6191,1256773
7/1/2022,7,1,2022,0.906351019,C,ONE,20,2,HO CHI MINH,203,189,378,76734
7/1/2022,7,1,2022,0.809959217,C,ONE,20,3,HO CHI MINH,203,189,567,115101
7/1/2022,7,1,2022,0.369650147,C,ONE,20,0.5,HO CHI MINH,203,189,94.5,19183.5
7/1/2022,7,1,2022,0.475988245,C,ONE,20,0.5,HO CHI MINH,203,189,94.5,19183.5
7/1/2022,7,1,2022,0.895598948,C,ONE,20,2,HO CHI MINH,203,189,378,76734
7/1/2022,7,1,2022,0.70998509,C,ONE,20,1,HO CHI MINH,203,189,189,38367
7/1/2022,7,1,2022,0.332242198,C,ONE,20,1,SINGAPORE,203,314,314,63742
7/1/2022,7,1,2022,0.413163365,C,ONE,20,2,NAGOYA,203,328,328,66584
7/1/2022,7,1,2022,0.240974883,C,ONE,20,5,NAGOYA,203,164,820,166460
7/1/2022,7,1,2022,0.498799004,S,ONE,20,1,OSAKA,203,464,464,94192
7/1/2022,7,1,2022,0.049559163,C,ONE,20,2,PORT KLANG,203,164,164,66584
12/1/2022,12,1,2022,0.597489461,C,ONE,20,1,QINGDAO,203,139,139,28217
12/1/2022,12,1,2022,0.871755523,C,ONE,40,3,QINGDAO,203,228,684,138852
12/1/2022,12,1,2022,0.188597876,C,DELMEGE,20,1,SHANGHAI,203,175,175,35525
12/1/2022,12,1,2022,0.167351999,C,DELMEGE,20,2,SHANGHAI,203,175,350,71050
12/1/2022,12,1,2022,0.548158372,C,DELMEGE,40,1,SHANGHAI,203,300,300,60900
16/01/2022,16,1,2022,0.498965249,C,DELMEGE,20,2,XIAMEN,203,400,800,162400
22/01/2022,22,1,2022,0.69178357,S,COSCO,20,1,KARACHI,,800,800,162399.95
24/01/2022,24,1,2022,0.242701483,C,ONE,20,1,QINGDAO,203,148,148,30044
24/01/2022,24,1,2022,0.979983198,C,ONE,40,3,QINGDAO,203,246,738,149814
2/2/2022,2,2,2022,0.689693024,C,ONE,20,1,HO CHI MINH,203,198,198,40194
2/2/2022,2,2,2022,0.632939542,C,ONE,20,1,HO CHI MINH,203,198,198,40194
2/2/2022,2,2,2022,0.688823108,C,ONE,20,1,HO CHI MINH,203,198,198,40194
2/2/2022,2,2,2022,0.176069817,C,ONE,20,1,PUSAN,203,373,373,75719
2/2/2022,2,2,2022,0.283168491,C,ONE,20,3,NAGOYA,203,173,519,105357
2/2/2022,2,2,2022,0.557524292,C,ONE,20,4,NAGOYA,203,173,692,140476
2/2/2022,2,2,2022,0.165725583,C,ONE,20,1,SINGAPORE,203,323,323,65569
2/2/2022,2,2,2022,0.796208163,S,ONE,20,1,TOKYO,203,523,523,106169
3/2/2022,3,2,2022,0.673976746,C,ONE,20,4,HO CHI MINH,203,198,792,160776
3/2/2022,3,2,2022,0.617709242,C,ONE,20,2,HO CHI MINH,203,198,396,80388
3/2/2022,3,2,2022,0.643004311,C,ONE,20,2,HO CHI MINH,203,198,396,80388
3/2/2022,3,2,2022,0.059362105,C,ONE,20,2,HO CHI MINH,203,198,396,80388
3/2/2022,3,2,2022,0.366539702,C,ONE,20,0.09,HO CHI MINH,203,198,17.82,3617.46
5/2/2022,5,2,2022,0.641387029,C,ONE,20,8,SHANGHAI,203,148,1184,240352
5/2/2022,5,2,2022,0.161744616,C,ONE,20,1,SHANGHAI,203,148,148,30044
7/2/2022,7,2,2022,0.463219272,C,ONE,20,1,SINGAPORE,203,323,323,65569
7/2/2022,7,2,2022,0.758193389,C,ONE,20,3,NAGOYA,203,173,519,105357
7/2/2022,7,2,2022,0.337714958,C,ONE,20,2,NAGOYA,203,173,346,70238
8/2/2022,8,2,2022,0.804359825,C,ONE,20,0.09,HO CHI MINH,203,198,17.82,3617.46
8/2/2022,8,2,2022,0.771931489,C,ONE,20,0.91,HO CHI MINH,203,198,180.18,36576.54
8/2/2022,8,2,2022,0.895378605,C,ONE,20,0.91,HO CHI MINH,203,198,180.18,36576.54
12/2/2022,12,2,2022,0.135225163,S,ONE,20,1,OSAKA,203,573,573,116319
14/02/2022,14,2,2022,0.26291186,C,ONE,20,8,SHANGHAI,203,148,1184,240352
14/02/2022,14,2,2022,0.530189054,C,ONE,20,1,SHANGHAI,203,148,148,30044
20/02/2022,20,2,2022,0.228514481,C,DELMEGE,20,1,SHANGHAI,,175,175,
20/02/2022,20,2,2022,0.173039103,C,DELMEGE,20,1,SHANGHAI,,175,175,
22/02/2022,21,2,2022,0.060302451,C,ONE,20,1,QINGDAO,203,148,148,30044
21/02/2022,21,2,2022,0.489807625,C,ONE,20,2,HO CHI MINH,203,198,396,80388
21/02/2022,21,2,2022,0.500265315,C,ONE,20,1,SINGAPORE,203,323,323,65569
21/02/2022,21,2,2022,0.690154455,C,ONE,20,1,SINGAPORE,203,323,323,65569
21/02/2022,21,2,2022,0.880702144,C,ONE,20,1,SINGAPORE,203,323,323,65569
21/02/2022,21,2,2022,0.044169851,C,ONE,20,1,SINGAPORE,203,323,323,65569
21/02/2022,21,2,2022,0.006792851,C,ONE,20,1,SINGAPORE,203,323,323,65569
21/02/2022,21,2,2022,0.901174202,C,ONE,20,1,SINGAPORE,203,323,323,65569
21/02/2022,21,2,2022,0.764989572,C,ONE,20,1,SINGAPORE,203,323,323,65569
21/02/2022,21,2,2022,0.163301824,C,ONE,20,1,SINGAPORE,203,323,323,65569
21/02/2022,21,2,2022,0.412418911,C,ONE,20,7,NAGOYA,203,173,1211,245833
21/02/2022,21,2,2022,0.959300726,C,ONE,20,1,NAGOYA,203,173,173,35119
21/02/2022,21,2,2022,0.763043599,C,ONE,20,1,XIAMEN,20,348,348,70644
22/02/2022,22,2,2022,0.990628043,C,ONE,40,4,QINGDAO,203,246,984,199752
23/02/2022,23,2,2022,0.517860132,C,ONE,20,4,SHANGHAI,203,148,592,120176
23/02/2022,23,2,2022,0.781663361,C,ONE,40,4,SHANGHAI,203,246,984,199752
23/02/2022,23,2,2022,0.731423655,C,ONE,20,2,SHANGHAI,203,148,296,60088
23/02/2022,23,2,2022,0.092193544,C,ONE,40,1,SHANGHAI,203,246,246,49938
23/02/2022,23,2,2022,0.087751399,C,ONE,20,1,SHANGHAI,203,148,148,30044
9/3/2022,9,3,2022,0.010239482,C,ONE,20,2,HO CHI MINH,203,198,396,80388
9/3/2022,9,3,2022,0.378994059,C,ONE,20,2,HO CHI MINH,203,198,396,80388
9/3/2022,9,3,2022,0.764705698,C,ONE,20,1,HO CHI MINH,203,198,198,40194
9/3/2022,9,3,2022,0.781493349,C,ONE,20,5,SINGAPORE,203,323,1615,327845
9/3/2022,9,3,2022,0.854972129,C,ONE,20,1,MANILA,203,348,348,70644
9/3/2022,9,3,2022,0.318854089,C,ONE,20,7,NAGOYA,203,173,1211,245833
9/3/2022,9,3,2022,0.070186252,C,ONE,20,1,NAGOYA,203,173,173,35119
16/03/2022,16,3,2022,0.932996918,C,ONE,20,2,QINGDAO,260,148,296,76960
16/03/2022,16,3,2022,0.729787435,C,ONE,20,1,TAICHUNG CITY,260,498,498,129480
21/03/2022,21,3,2022,0.520722367,C,ONE,20,1,HO CHI MINH,260,198,198,51480
21/03/2022,21,3,2022,0.823701296,C,ONE,20,1,HO CHI MINH,260,198,198,51480
21/03/2022,21,3,2022,0.739956523,C,ONE,20,2,HO CHI MINH,260,198,396,102960
21/03/2022,21,3,2022,0.652523436,C,ONE,20,1,HO CHI MINH,260,198,198,51480
21/03/2022,21,3,2022,0.433545806,C,ONE,20,2,SINGAPORE,260,323,646,167960
21/03/2022,21,3,2022,0.987660036,C,ONE,20,1,NAGOYA,260,173,173,44980
21/03/2022,21,3,2022,0.186147581,C,ONE,20,1,NAGOYA,260,173,173,44980
5/4/2022,5,4,2022,0.259308861,C,ONE,20,1,QINGDAO,307.7891,148,148,45552.79
5/4/2022,5,4,2022,0.146127376,C,ONE,40,4,QINGDAO,307.7891,246,984,302864.47
6/4/2022,6,4,2022,0.456669927,C,ONE,20,3,HO CHI MINH,307.7891,198,594,182826.73
6/4/2022,6,4,2022,0.374140245,C,ONE,20,2,HO CHI MINH,307.7891,198,396,121884.48
6/4/2022,6,4,2022,0.198121157,C,ONE,20,1,HO CHI MINH,307.7891,198,198,60942.24
6/4/2022,6,4,2022,0.152364797,C,ONE,20,2,HO CHI MINH,307.7891,198,396,121884.48
6/4/2022,6,4,2022,0.302643569,C,ONE,20,0.5,HO CHI MINH,307.7891,198,99,30471.12
6/4/2022,6,4,2022,0.333964871,C,ONE,20,0.5,HO CHI MINH,307.7891,198,99,30471.12
6/4/2022,6,4,2022,0.943437687,C,ONE,20,1,HO CHI MINH,307.7891,198,198,60942.24
6/4/2022,6,4,2022,0.577429195,C,ONE,20,1,HO CHI MINH,307.7891,198,198,60942.24
6/4/2022,6,4,2022,0.802005676,C,ONE,20,3,HO CHI MINH,307.7891,198,594,182826.73
6/4/2022,6,4,2022,0.065882565,C,ONE,20,1,HO CHI MINH,307.7891,198,198,60942.24
6/4/2022,6,4,2022,0.46821395,C,ONE,20,3,NAGOYA,307.7891,173,519,159742.54
6/4/2022,6,4,2022,0.997973277,C,ONE,20,4,NAGOYA,307.7891,173,692,212990.06
6/4/2022,6,4,2022,0.813448333,C,ONE,20,2,SINGAPORE,307.7891,323,646,198831.76
10/4/2022,10,4,2022,0.018107014,C,DELMEGE,20,5,SHANGHAI,,150,750,
10/4/2022,10,4,2022,0.049752069,C,DELMEGE,20,2,SHANGHAI,,150,300,
10/4/2022,10,4,2022,0.446866193,C,DELMEGE,40,3,SHANGHAI,,300,900,
12/4/2022,12,4,2022,0.885674276,C,ONE,20,3,NAGOYA,,184,552,
12/4/2022,12,4,2022,0.034665987,C,ONE,20,2,NAGOYA,,184,368,
12/4/2022,12,4,2022,0.85168482,C,ONE,20,3,SINGAPORE,,334,1002,
12/4/2022,12,4,2022,0.130353335,C,ONE,20,1,SINGAPORE,,334,334,
12/4/2022,12,4,2022,0.622769789,S,ONE,20,1,VALENCIA,,4986,4986,
20/04/2022,20,4,2022,0.631689146,C,ONE,20,5,HO CHI MINH,,209,1045,
20/04/2022,20,4,2022,0.349101933,C,ONE,20,1,HO CHI MINH,,209,209,
20/04/2022,20,4,2022,0.360712713,C,ONE,20,2,HO CHI MINH,,209,418,
20/04/2022,20,4,2022,0.913285433,C,ONE,20,2,HO CHI MINH,,209,418,
20/04/2022,20,4,2022,0.120594034,C,ONE,20,2,HO CHI MINH,,209,418,
20/04/2022,20,4,2022,0.471741473,C,ONE,20,1,SINGAPORE,,334,334,
23/04/2022,23,4,2022,0.817918451,C,ONE,20,1,SINGAPORE,195.21,201,201,39237.21
23/04/2022,23,4,2022,0.163926071,C,ONE,20,1,SINGAPORE,195.21,201,201,39237.21
25/04/2022,25,4,2022,0.335652298,C,ONE,20,1,PUSAN,195.21,351,351,68518.71
25/04/2022,25,4,2022,0.512306625,C,DELMEGE,20,2,SHANGHAI,,150,300,
25/04/2022,25,4,2022,0.872774719,C,DELMEGE,40,1,SHANGHAI,,300,300,
25/04/2022,25,4,2022,0.050375686,C,ONE,20,1,SINGAPORE,195.21,201,201,39237.21
27/04/2022,27,4,2022,0.059965598,C,ONE,20,1,HO CHI MINH,,209,209,
27/04/2022,27,4,2022,0.355230949,C,ONE,20,1,HO CHI MINH,,209,209,
27/04/2022,27,4,2022,0.36648085,C,ONE,20,4,HO CHI MINH,,209,836,
27/04/2022,27,4,2022,0.288333521,C,ONE,20,2,HO CHI MINH,,209,418,
27/04/2022,27,4,2022,0.251578789,C,ONE,20,0.14,HO CHI MINH,,209,29.26,
27/04/2022,27,4,2022,0.6190178,C,ONE,20,0.86,HO CHI MINH,,209,179.74,
27/04/2022,27,4,2022,0.335502877,C,ONE,20,2,HO CHI MINH,,209,418,
27/04/2022,27,4,2022,0.97193247,C,ONE,20,2,NAGOYA,,184,368,
3/5/2022,3,5,2022,0.605867058,C,ONE,20,1,QINGDAO,,159,159,
10/5/2022,10,5,2022,0.512357697,C,ONE,20,3,HO CHI MINH,,209,627,
10/5/2022,10,5,2022,0.900306436,C,ONE,20,1,HO CHI MINH,,209,209,
10/5/2022,10,5,2022,0.830304745,C,ONE,20,1,HO CHI MINH,,209,209,
10/5/2022,10,5,2022,0.361161122,C,ONE,20,2,HO CHI MINH,,209,418,
10/5/2022,10,5,2022,0.294940357,C,ONE,20,1,HO CHI MINH,,209,209,
10/5/2022,10,5,2022,0.608989139,C,ONE,20,1,HO CHI MINH,,209,209,
10/5/2022,10,5,2022,0.222696896,C,ONE,20,1,HO CHI MINH,,209,209,
10/5/2022,10,5,2022,0.959269522,C,ONE,20,2,HO CHI MINH,,209,418,
10/5/2022,10,5,2022,0.105483467,C,ONE,20,2,HO CHI MINH,,209,418,
10/5/2022,10,5,2022,0.255710529,C,ONE,20,1,PUSAN,,384,384,
10/5/2022,10,5,2022,0.795446168,C,ONE,20,1,MANILA,,359,359,
10/5/2022,10,5,2022,0.959393923,C,ONE,20,2,NAGOYA,,184,368,
10/5/2022,10,5,2022,0.936089462,C,ONE,40,1,NAGOYA,,318,318,
10/5/2022,10,5,2022,0.554656412,C,ONE,40,1,NAGOYA,,318,318,
10/5/2022,10,5,2022,0.351837598,C,ONE,40,1,NAGOYA,,318,318,
10/5/2022,10,5,2022,0.840319693,C,ONE,20,1,XIAMEN,,359,359,
10/5/2022,10,5,2022,0.680318596,C,ONE,20,1,JAKARTA,,334,334,
11/5/2022,11,5,2022,0.519204358,C,ONE,40,2,QINGDAO,,268,536,
12/5/2022,12,5,2022,0.856274717,C,ONE,40,1,QINGDAO,,268,268,
16/05/2022,16,5,2022,0.597615161,S,ONE,40,1,ALGECIRAS,,11672,11672,
16/05/2022,16,5,2022,0.891687969,C,ONE,20,3,SHANGHAI,,159,477,
16/05/2022,16,5,2022,0.815146675,C,ONE,40,2,SHANGHAI,,268,536,
16/05/2022,16,5,2022,0.294855252,C,ONE,20,2,SHANGHAI,,159,318,
16/05/2022,16,5,2022,0.635480114,C,ONE,20,1,SHANGHAI,,159,159,
16/05/2022,16,5,2022,0.549916951,C,ONE,20,1,SHANGHAI,,159,159,
16/05/2022,16,5,2022,0.050588175,S,ONE,20,1,VALENCIA,,4986,4986,
18/05/2022,18,5,2022,0.067538626,C,ONE,40,1,SHANGHAI,,268,268,
19/05/2022,19,5,2022,0.749962204,C,ONE,20,1,SHANGHAI,201.95,126,1266,25445.7
19/05/2022,19,5,2022,0.706470057,C,ONE,20,1,NAGOYA,,184,184,
26/05/2022,26,5,2022,0.560382354,C,DELMEGE,20,1,HO CHI MINH,,500,500,
31/05/2022,31,5,2022,0.091123223,C,ONE,20,1,SHANGHAI,,159,159,
31/05/2022,31,5,2022,0.202068386,C,ONE,20,2,SHANGHAI,,159,318,
1/6/2022,1,6,2022,0.326543295,S,MCLARENS,20,1,OSAKA,365.09,1100,1100,401599
2/6/2022,2,6,2022,0.643459537,C,ONE,40,2,SHANGHAI,,268,536,
3/6/2022,3,6,2022,0.626863965,C,DELMEGE,20,1,SINGAPORE,,100,100,
3/6/2022,3,6,2022,0.464709075,S,ONE,20,1,VALENCIA,,4986,4986,
9/6/2022,9,6,2022,0.474914238,S,ONE,20,1,BANGKOK,,134,134,
12/6/2022,12,6,2022,0.138170207,C,ONE,20,1,SHANGHAI,,159,159,
12/6/2022,12,6,2022,0.816965407,C,ONE,40,2,SHANGHAI,,443,886,
12/6/2022,12,6,2022,0.354638231,C,ONE,20,1,SHANGHAI,,159,159,
12/6/2022,12,6,2022,0.189498241,C,ONE,20,2,SHANGHAI,,159,318,
12/6/2022,12,6,2022,0.705929974,C,ONE,40,1,SHANGHAI,,443,443,
13/06/2022,13,6,2022,0.941325662,C,ONE,20,8,SINGAPORE,,209,1672,
13/06/2022,13,6,2022,0.030671122,C,ONE,20,6,NAGOYA,,284,1704,
13/06/2022,13,6,2022,0.464439068,C,ONE,20,3,NAGOYA,,284,852,
15/06/2022,15,6,2022,0.885230436,S,ONE,20,1,VALENCIA,,4986,4986,
19/06/2022,19,6,2022,0.670795912,C,ONE,20,1,PUSAN,,284,284,
19/06/2022,19,6,2022,0.040173574,C,ONE,20,1,JAKARTA,,469,469,
20/06/2022,20,6,2022,0.415083168,S,ONE,20,1,CORK,,6860,6860,
20/06/2022,20,6,2022,0.895434921,C,ONE,40,1,MANILA,,1368,1368,
20/06/2022,20,6,2022,0.0642567,C,ONE,40,1,MANILA,,1368,1368,
20/06/2022,20,6,2022,0.791646847,C,ONE,40,1,PUSAN,,518,518,
20/06/2022,20,6,2022,0.645771637,C,ONE,20,1,PUSAN,,284,284,
20/06/2022,20,6,2022,0.482023337,C,ONE,40,1,PUSAN,,518,518,
20/06/2022,20,6,2022,0.668198954,C,ONE,20,1,SINGAPORE,,209,209,
20/06/2022,20,6,2022,0.924105339,C,ONE,20,1,NAGOYA,,284,284,
20/06/2022,20,6,2022,0.707263735,C,ONE,20,2,NAGOYA,,284,568,
20/06/2022,20,6,2022,0.599524085,C,ONE,40,1,NAGOYA,,443,443,
20/06/2022,20,6,2022,0.665424352,S,ONE,20,1,TOKYO,,384,384,
21/06/2022,21,6,2022,0.329805981,C,ONE,20,1,HO CHI MINH,,334,334,
21/06/2022,21,6,2022,0.177373991,C,ONE,20,1,HO CHI MINH,,334,334,
21/06/2022,21,6,2022,0.591523743,C,ONE,20,2,HO CHI MINH,,334,668,
21/06/2022,21,6,2022,0.596900346,C,ONE,20,2,HO CHI MINH,,334,668,
21/06/2022,21,6,2022,0.333405891,C,ONE,40,1,PUSAN,,518,518,
21/06/2022,21,6,2022,0.115877935,C,ONE,20,1,PORT KLANG,,159,159,
22/06/2022,22,6,2022,0.147337485,C,ONE,20,3,HO CHI MINH,,334,1002,
22/06/2022,22,6,2022,0.11709793,C,ONE,20,1,HO CHI MINH,,334,334,
22/06/2022,22,6,2022,0.760241964,C,ONE,20,1,HO CHI MINH,,334,334,
22/06/2022,22,6,2022,0.977435591,C,ONE,20,2,HO CHI MINH,,334,668,
22/06/2022,22,6,2022,0.555749314,C,ONE,20,1,HO CHI MINH,,334,334,
22/06/2022,22,6,2022,0.938168639,C,ONE,20,1,NAGOYA,,284,284,
22/06/2022,22,6,2022,0.909692955,C,ONE,20,1,NAGOYA,,284,284,
25/06/2022,25,6,2022,0.255532273,S,MCLARENS,20,1,OSAKA,365.12,1200,1200,438144
27/06/2022,27,6,2022,0.649303384,C,ONE,40,1,SHANGHAI,,443,443,
27/06/2022,27,6,2022,0.749677956,C,ONE,20,1,SHANGHAI,,159,159,
28/06/2022,28,6,2022,0.040760846,C,ONE,40,3,QINGDAO,,393,1179,
30/06/2022,30,6,2022,0.770063743,C,ONE,20,2,SINGAPORE,,209,418,
30/06/2022,30,6,2022,0.036561016,C,ONE,20,1,SINGAPORE,,209,209,
30/06/2022,30,6,2022,0.03561963,C,ONE,20,1,SINGAPORE,,209,209,
10/7/2022,10,7,2022,0.448568583,S,ONE,40,1,ALGECIRAS,,11848,11848,
11/7/2022,11,7,2022,0.300168202,C,ONE,20,4,HO CHI MINH,,1464,1464,
11/7/2022,11,7,2022,0.493670647,C,ONE,20,2,HO CHI MINH,,732,732,
11/7/2022,11,7,2022,0.729272587,C,ONE,20,2,HO CHI MINH,,732,732,
11/7/2022,11,7,2022,0.313156544,C,ONE,20,1,HO CHI MINH,,366,366,
11/7/2022,11,7,2022,0.779909279,C,ONE,20,1,HO CHI MINH,,366,366,
11/7/2022,11,7,2022,0.176713399,C,ONE,20,1,HO CHI MINH,,366,366,
11/7/2022,11,7,2022,0.754299014,C,ONE,20,1,HO CHI MINH,,366,366,
11/7/2022,11,7,2022,0.435931375,C,ONE,20,1,HO CHI MINH,,366,366,
11/7/2022,11,7,2022,0.785757752,C,ONE,20,2,HO CHI MINH,,732,732,
11/7/2022,11,7,2022,0.093687441,C,ONE,20,1,NAGOYA,,316,316,
11/7/2022,11,7,2022,0.584889128,C,ONE,40,1,NAGOYA,,507,507,
11/7/2022,11,7,2022,0.277331921,C,ONE,20,1,NAGOYA,,316,316,
11/7/2022,11,7,2022,0.165759908,C,ONE,20,1,NAGOYA,,316,316,
11/7/2022,11,7,2022,0.542897821,S,ONE,20,1,TOKYO,,416,416,
11/7/2022,11,7,2022,0.876836531,C,ONE,20,1,YOKOHAMA,,516,516,
12/7/2022,12,7,2022,0.722420942,C,ONE,20,2,QINGDAO,,181,362,
12/7/2022,12,7,2022,0.782809319,C,ONE,40,3,QINGDAO,,457,1371,
19/07/2022,19,7,2022,0.791488685,C,ONE,20,1,QINGDAO,,181,181,
21/07/2022,21,7,2022,0.000837092,C,ONE,20,3,NAGOYA,,316,948,
21/07/2022,21,7,2022,0.413997686,C,ONE,40,1,NAGOYA,,507,507,
21/07/2022,21,7,2022,0.25926665,C,ONE,20,2,NAGOYA,,316,632,
21/07/2022,21,7,2022,0.8792806,S,ONE,40,1,VALENCIA,,8698,8698,
21/07/2022,21,7,2022,0.471217206,S,ONE,20,1,KOBE,,266,266,
22/07/2022,22,7,2022,0.947093876,C,ONE,20,2,HO CHI MINH,,366,732,
22/07/2022,22,7,2022,0.364420512,C,ONE,20,2,HO CHI MINH,,366,732,
22/07/2022,22,7,2022,0.494969315,C,ONE,20,2,HO CHI MINH,,366,732,
22/07/2022,22,7,2022,0.098223733,C,ONE,20,1,HO CHI MINH,,366,366,
25/07/2022,25,7,2022,0.941224164,C,ONE,40,1,SHANGHAI,,990,990,
25/07/2022,25,7,2022,0.640105252,C,ONE,20,1,SHANGHAI,,620,620,
25/07/2022,25,7,2022,0.506571747,C,ONE,40,1,SHANGHAI,,990,990,
30/07/2022,30,7,2022,0.476975315,C,ONE,20,2,NAGOYA,,316,632,
30/07/2022,30,7,2022,0.342176421,C,ONE,40,1,NAGOYA,,507,507,
30/07/2022,30,7,2022,0.312873163,C,ONE,20,1,NAGOYA,,316,316,
2/8/2022,2,8,2022,0.095199525,C,DELMEGE,20,4,SHANGHAI,,200,800,
2/8/2022,2,8,2022,0.509016555,C,DELMEGE,40,2,SHANGHAI,,350,700,
3/8/2022,3,8,2022,0.284337931,S,CMACGM,20,1,CORK,,5352,5352,
3/8/2022,3,8,2022,0.771566477,C,CMACGM,40,1,ROTTERDAM,,7000,7000,
4/8/2022,4,8,2022,0.170714818,C,ONE,40,1,QINGDAO,,457,457,
5/8/2022,5,8,2022,0.426910031,C,ONE,20,3,HO CHI MINH,,366,1098,
5/8/2022,5,8,2022,0.040645505,C,ONE,20,3,HO CHI MINH,,366,1098,
5/8/2022,5,8,2022,0.944173133,C,ONE,20,2,HO CHI MINH,,366,732,
5/8/2022,5,8,2022,0.338351944,C,ONE,20,2,HO CHI MINH,,366,732,
5/8/2022,5,8,2022,0.335598447,C,ONE,20,2,HO CHI MINH,,366,732,
5/8/2022,5,8,2022,0.183195012,C,ONE,20,2,HO CHI MINH,,366,732,
5/8/2022,5,8,2022,0.769954267,C,ONE,20,0.5,HO CHI MINH,,366,183,
5/8/2022,5,8,2022,0.447884273,C,ONE,20,0.5,HO CHI MINH,,366,183,
5/8/2022,5,8,2022,0.381066329,C,ONE,20,1,HO CHI MINH,,366,366,
9/8/2022,9,8,2022,0.354797282,C,ONE,20,2,NAGOYA,,316,632,
11/8/2022,11,8,2022,0.452452034,C,ONE,20,2,HO CHI MINH,,366,732,
11/8/2022,11,8,2022,0.073060282,C,ONE,20,1,HO CHI MINH,,366,366,
11/8/2022,11,8,2022,0.980149146,C,ONE,20,2,HO CHI MINH,,366,732,
11/8/2022,11,8,2022,0.074589915,C,ONE,20,2,NAGOYA,,316,632,
11/8/2022,11,8,2022,0.534579438,C,ONE,20,7,SINGAPORE,,241,1687,
11/8/2022,11,8,2022,0.686990192,S,ONE,20,1,TOKYO,,416,416,
11/8/2022,11,8,2022,0.725930243,C,ONE,40,4,YOKOHAMA,,632,2528,
15/08/2022,15,8,2022,0.903593078,C,ONE,20,1,SHANGHAI,,191,191,
16/08/2022,16,8,2022,0.069449636,C,ONE,20,4,SHANGHAI,,191,764,
16/08/2022,16,8,2022,0.152839267,C,ONE,40,2,SHANGHAI,,507,1014,
16/08/2022,16,8,2022,0.391274728,C,ONE,20,1,SHANGHAI,,191,191,
16/08/2022,16,8,2022,0.271207722,C,ONE,40,3,SHANGHAI,,507,1521,
16/08/2022,16,8,2022,0.069674453,C,ONE,20,1,NEW YORK,,8040,8040,
19/08/2022,19,8,2022,0.503543981,C,ONE,20,1,QINGDAO,,181,181,
22/08/2022,22,8,2022,0.11320313,C,ONE,20,2,NAGOYA,,316,632,
22/08/2022,22,8,2022,0.253655606,C,ONE,20,1,NAGOYA,,316,316,
23/08/2022,23,8,2022,0.526720842,S,ONE,20,1,VALENCIA,,4874,4874,
23/08/2022,23,8,2022,0.120099373,S,CMACGM,20,1,CORK,,5852,5852,
24/08/2022,24,8,2022,0.06795197,S,CMACGM,20,1,CORK,,5852,5852,
25/08/2022,25,8,2022,0.252841613,C,ONE,20,2,NAGOYA,,316,632,
25/08/2022,25,8,2022,0.69321444,C,ONE,20,1,NAGOYA,,316,316,
25/08/2022,25,8,2022,0.540944598,C,ONE,40,1,QINGDAO,,457,457,
25/08/2022,25,8,2022,0.59695074,C,ONE,20,1,MANILA,,786,786,
25/08/2022,25,8,2022,0.119213886,C,ONE,20,1,QINGDAO,,181,181,
26/08/2022,26,8,2022,0.160619005,C,COSCO,40,1,LOS ANGELES,,64,64,23655.08
29/08/2022,29,8,2022,0.702155665,C,ONE,20,1,NAGOYA,,316,316,
29/08/2022,29,8,2022,0.035082027,C,ONE,20,3,NAGOYA,,316,948,
29/08/2022,29,8,2022,0.306741506,C,ONE,20,1,SINGAPORE,,241,241,
29/08/2022,29,8,2022,0.886532882,S,ONE,20,1,TOKYO,,416,416,
29/08/2022,29,8,2022,0.436314917,S,ONE,20,1,HONG KONG,,266,266,
29/08/2022,29,8,2022,0.558949631,C,ONE,40,5,YOKOHAMA,,632,3160,
1/9/2022,1,9,2022,0.826516128,C,ONE,40,1,QINGDAO,,457,457,
5/9/2022,5,9,2022,0.071962197,C,ONE,40,2,SHANGHAI,,350,700,
5/9/2022,5,9,2022,0.034870644,C,ONE,40,1,SHANGHAI,,350,350,
5/9/2022,5,9,2022,0.924819058,S,CMACGM,20,1,CORK,,5852,5852,
7/9/2022,7,9,2022,0.264587144,C,ONE,20,2,HO CHI MINH,,366,732,
7/9/2022,7,9,2022,0.74486224,C,ONE,20,4,HO CHI MINH,,366,1464,
7/9/2022,7,9,2022,0.366150515,C,ONE,20,2,HO CHI MINH,,366,732,
7/9/2022,7,9,2022,0.625203299,C,ONE,20,1,HO CHI MINH,,366,366,
7/9/2022,7,9,2022,0.98689531,C,ONE,20,2,HO CHI MINH,,366,732,
7/9/2022,7,9,2022,0.053888111,C,ONE,20,3,HO CHI MINH,,366,1098,
7/9/2022,7,9,2022,0.314398535,C,ONE,20,2,HO CHI MINH,,366,732,
7/9/2022,7,9,2022,0.029256261,C,ONE,20,2,HO CHI MINH,,366,732,
7/9/2022,7,9,2022,0.104842278,C,ONE,20,1,HO CHI MINH,,366,366,
7/9/2022,7,9,2022,0.079631431,C,ONE,20,2,HO CHI MINH,,366,732,
7/9/2022,7,9,2022,0.571704998,C,ONE,20,1,HO CHI MINH,,366,366,
7/9/2022,7,9,2022,0.41115301,C,ONE,20,2,HO CHI MINH,,366,732,
7/9/2022,7,9,2022,0.506532578,C,ONE,20,6,YOKOHAMA,,466,2796,
7/9/2022,7,9,2022,0.675248118,C,ONE,20,1,YOKOHAMA,,466,466,
9/9/2022,9,9,2022,0.59598487,C,ONE,20,1,NAGOYA,,366,366,
9/9/2022,9,9,2022,0.574996428,C,ONE,40,3,NAGOYA,,832,2496,
9/9/2022,9,9,2022,0.749214644,C,ONE,20,3,SINGAPORE,,266,798,
9/9/2022,9,9,2022,0.741773803,S,ONE,20,0.05,SHIMIZU,,1016,50.8,
9/9/2022,9,9,2022,0.938025976,S,ONE,20,0.95,SHIMIZU,,1016,965.2,
9/9/2022,9,9,2022,0.769023072,S,ONE,20,1,HONG KONG,,266,266,
9/9/2022,9,9,2022,0.728355421,C,ONE,40,1,YOKOHAMA,,632,632,
13/09/2022,13,9,2022,0.536136163,S,CMACGM,20,1,CORK,,5852,5852,
13/09/2022,13,9,2022,0.938749125,C,CMACGM,40,1,ROTTERDAM,,6524,6524,
19/09/2022,19,9,2022,0.359548779,C,ONE,20,2,NAGOYA,,366,732,
19/09/2022,19,9,2022,0.647001712,C,ONE,20,1,NAGOYA,,366,366,
19/09/2022,19,9,2022,0.457348111,C,ONE,40,1,NAGOYA,,507,507,
19/09/2022,19,9,2022,0.895910982,C,ONE,20,1,SINGAPORE,,266,266,
19/09/2022,19,9,2022,0.568856868,C,ONE,20,4,YOKOHAMA,,466,1864,
20/09/2022,20,9,2022,0.189405906,C,ONE,40,1,SHANGHAI,,350,350,
21/09/2022,21,9,2022,0.632926724,C,ONE,20,1,QINGDAO,,266,266,
22/09/2022,22,9,2022,0.736666888,S,ONE,20,1,HAMBURG,,4699,4699,
23/09/2022,23,9,2022,0.184271925,C,ONE,20,2,SHANGHAI,,191,382,
23/09/2022,23,9,2022,0.928649234,C,ONE,40,1,SHANGHAI,,432,432,
23/09/2022,23,9,2022,0.638907972,C,ONE,20,1,SHANGHAI,,191,191,
